{
  "project_info": {
    "project_number": "13087955269",
    "project_id": "quanlychitieu-95943",
    "storage_bucket": "quanlychitieu-95943.appspot.com"
  },
  "client": [
    {
      "client_info": {
        "mobilesdk_app_id": "1:13087955269:android:279f0b3586cb1c2a72c62c",
        "android_client_info": {
          "package_name": "com.example.quanlychitieu"
        }
      },
      "oauth_client": [
        {
          "client_id": "13087955269-irjf6o9ksqf5ja3ueschc0k21ok1edlp.apps.googleusercontent.com",
          "client_type": 3
        }
      ],
      "api_key": [
        {
          "current_key": "AIzaSyCN1XXKJC2L6-_HpZ3iVIYg80RM29YCtTA"
        }
      ],
      "services": {
        "appinvite_service": {
          "other_platform_oauth_client": [
            {
              "client_id": "13087955269-irjf6o9ksqf5ja3ueschc0k21ok1edlp.apps.googleusercontent.com",
              "client_type": 3
            }
          ]
        }
      }
    }
  ],
  "configuration_version": "1"
}